q_group,locality_bin,method,method_label,n_predicates,qerror_gm,qerror_mean,improvement_vs_stale_pct,win_vs_isomer_frac,tie_vs_isomer_frac
all,far> 0.15,stale,Stale,1416,3.2293437025650937,5.9414411397514915,0.0,0.24152542372881355,0.0
all,far> 0.15,proj_stale,ISOMER/ISOMER,1416,1.85309690190546,2.737634804704366,42.616919331518346,0.0,1.0
all,far> 0.15,oasis_no_proj,OASIS-noProj,1416,1.5857223463864911,1.7886375758826918,50.896451649697774,0.5522598870056498,0.0
all,far> 0.15,proj_oasis,OASIS,1416,1.4159031015675803,1.5051996154683254,56.155081899677725,0.6391242937853108,0.0
all,far> 0.15,proj_fresh,Fresh-init,1416,1.1034893224857538,1.1122437028648626,65.82930080780056,0.903954802259887,0.0
all,far> 0.15,fresh,Fresh,1416,1.0,1.0,69.03395574755045,1.0,0.0
all,far> 0.15,stholes_no_proj,STHoles (raw),1416,1.8908864887398702,2.7384925742960307,41.44672531332221,0.4682203389830508,0.0
all,far> 0.15,proj_stholes,STHoles-init,1416,1.6940361170516753,2.325415852729159,47.54240263413,0.6398305084745762,0.0
all,far> 0.15,quicksel_no_proj,QuickSel-H (raw),1416,1.7810901440336335,2.2636411591326797,44.84668378225275,0.5346045197740112,0.0
all,far> 0.15,proj_quicksel,QuickSel-init,1416,1.5767045865551583,1.9563553141542438,51.175695999692785,0.6454802259887006,0.0
all,mid<= 0.15,stale,Stale,2721,2.539522394378015,4.277384662022077,0.0,0.2326350606394708,0.0
all,mid<= 0.15,proj_stale,ISOMER/ISOMER,2721,1.5375162994281493,1.8887116386415677,39.45647800421461,0.0,1.0
all,mid<= 0.15,oasis_no_proj,OASIS-noProj,2721,1.5067328717773878,1.6937818951061836,40.66865190427195,0.4726203601617053,0.0
all,mid<= 0.15,proj_oasis,OASIS,2721,1.3477972822678341,1.490766332814369,46.927135383740556,0.5997794928335171,0.0
all,mid<= 0.15,proj_fresh,Fresh-init,2721,1.1492804257343439,1.1936269598825597,54.74422953392274,0.8180815876515987,0.0
all,mid<= 0.15,fresh,Fresh,2721,1.0,1.0,60.622516965639036,1.0,0.0
all,mid<= 0.15,stholes_no_proj,STHoles (raw),2721,1.6064866723583593,1.9963404255805675,36.74059831428172,0.4685777287761852,0.0
all,mid<= 0.15,proj_stholes,STHoles-init,2721,1.451668555778804,1.7580561142852962,42.83694607330487,0.631385520029401,0.0
all,mid<= 0.15,quicksel_no_proj,QuickSel-H (raw),2721,1.5792257676048143,1.83579589363923,37.81406412871577,0.47739801543550164,0.0
all,mid<= 0.15,proj_quicksel,QuickSel-init,2721,1.4078627733313187,1.608239981444772,44.56190752843764,0.6207276736493936,0.0
all,near<= 0.05,stale,Stale,4055,2.2197929475026634,3.376575694847147,0.0,0.22392108508014796,0.0
all,near<= 0.05,proj_stale,ISOMER/ISOMER,4055,1.4505337136929128,1.730402029583286,34.65454896030692,0.0,1.0
all,near<= 0.05,oasis_no_proj,OASIS-noProj,4055,1.4235437088621707,1.5600478780313014,35.870428344963344,0.4683107274969174,0.0
all,near<= 0.05,proj_oasis,OASIS,4055,1.3292501188235348,1.4674486864522946,40.11828353995886,0.629593094944513,0.0
all,near<= 0.05,proj_fresh,Fresh-init,4055,1.205761893390701,1.304905105896428,45.6813350656321,0.7580764488286067,0.0
all,near<= 0.05,fresh,Fresh,4055,1.0,1.0,54.950753351792045,1.0,0.0
all,near<= 0.05,stholes_no_proj,STHoles (raw),4055,1.493097588598513,1.745077951717906,32.737078461381074,0.4350184956843403,0.0
all,near<= 0.05,proj_stholes,STHoles-init,4055,1.3944217946532251,1.616797118601162,37.18234864103009,0.619482120838471,0.0
all,near<= 0.05,quicksel_no_proj,QuickSel-H (raw),4055,1.562322253592559,1.7973498191026005,29.618559453924725,0.3906288532675709,0.0
all,near<= 0.05,proj_quicksel,QuickSel-init,4055,1.3781110887963912,1.550055778258757,37.917133652180965,0.591861898890259,0.0
q=1,far> 0.15,stale,Stale,82,1.234918492267934,1.296888043536899,0.0,0.2682926829268293,0.0
q=1,far> 0.15,proj_stale,ISOMER/ISOMER,82,1.15740167822067,1.1821841301937093,6.277079380753619,0.0,1.0
q=1,far> 0.15,oasis_no_proj,OASIS-noProj,82,1.4203645977279076,1.4786788043657009,-15.016870070461163,0.21951219512195122,0.0
q=1,far> 0.15,proj_oasis,OASIS,82,1.2883679402016928,1.3201346127699263,-4.328176172631333,0.4146341463414634,0.0
q=1,far> 0.15,proj_fresh,Fresh-init,82,1.0720788626499618,1.0746065943763579,13.186265380067017,0.5121951219512195,0.0
q=1,far> 0.15,fresh,Fresh,82,1.0,1.0,19.022995747395843,1.0,0.0
q=1,far> 0.15,stholes_no_proj,STHoles (raw),82,1.1618419385929584,1.2095596398054533,5.917520397704152,0.47560975609756095,0.0
q=1,far> 0.15,proj_stholes,STHoles-init,82,1.1613158239310597,1.1952037937132414,5.960123586918078,0.4146341463414634,0.0
q=1,far> 0.15,quicksel_no_proj,QuickSel-H (raw),82,1.2332631205621225,1.2955292761444572,0.13404704166113243,0.3780487804878049,0.0
q=1,far> 0.15,proj_quicksel,QuickSel-init,82,1.1782557835934226,1.2092438168826203,4.58837640129997,0.43902439024390244,0.0
q=1,mid<= 0.15,stale,Stale,337,1.173969641260207,1.1936781102981369,0.0,0.2997032640949555,0.0
q=1,mid<= 0.15,proj_stale,ISOMER/ISOMER,337,1.117979602351243,1.1284201905622069,4.769291891471834,0.0,1.0
q=1,mid<= 0.15,oasis_no_proj,OASIS-noProj,337,1.240758319701915,1.2764768115516356,-5.689131651650988,0.27299703264094954,0.0
q=1,mid<= 0.15,proj_oasis,OASIS,337,1.15053776612325,1.1672590463959178,1.9959523920741042,0.4094955489614243,0.0
q=1,mid<= 0.15,proj_fresh,Fresh-init,337,1.0874124631068551,1.092589452732066,7.3730337745732815,0.6083086053412463,0.0
q=1,mid<= 0.15,fresh,Fresh,337,1.0,1.0,14.818921643787814,1.0,0.0
q=1,mid<= 0.15,stholes_no_proj,STHoles (raw),337,1.1132557906456617,1.121539489104305,5.171671266504941,0.5074183976261127,0.0
q=1,mid<= 0.15,proj_stholes,STHoles-init,337,1.1180517109239785,1.1321717996147171,4.763149605487494,0.5548961424332344,0.0
q=1,mid<= 0.15,quicksel_no_proj,QuickSel-H (raw),337,1.1503743371370168,1.1621553971914875,2.0098734493561228,0.4094955489614243,0.0
q=1,mid<= 0.15,proj_quicksel,QuickSel-init,337,1.1245124085360876,1.1354854204835079,4.212820415954636,0.4836795252225519,0.0
q=1,near<= 0.05,stale,Stale,605,1.2566000164882276,1.3233023468127068,0.0,0.31735537190082647,0.0
q=1,near<= 0.05,proj_stale,ISOMER/ISOMER,605,1.156335866207374,1.1848897758923078,7.97900278252885,0.0,1.0
q=1,near<= 0.05,oasis_no_proj,OASIS-noProj,605,1.2255417338879007,1.2729060967952055,2.4716124616267594,0.31239669421487604,0.0
q=1,near<= 0.05,proj_oasis,OASIS,605,1.201616950816026,1.2464561468760949,4.37554233254435,0.45950413223140496,0.0
q=1,near<= 0.05,proj_fresh,Fresh-init,605,1.1384657812750216,1.1641327695664268,9.401100880401964,0.5338842975206611,0.0
q=1,near<= 0.05,fresh,Fresh,605,1.0,1.0,20.4201824861771,1.0,0.0
q=1,near<= 0.05,stholes_no_proj,STHoles (raw),605,1.1405849703231665,1.1590463254081351,9.232456202673301,0.47768595041322315,0.0
q=1,near<= 0.05,proj_stholes,STHoles-init,605,1.1676408646818048,1.2008303631886383,7.079353066939594,0.4743801652892562,0.0
q=1,near<= 0.05,quicksel_no_proj,QuickSel-H (raw),605,1.1973955666803044,1.2227360075861473,4.7114793117208125,0.3685950413223141,0.0
q=1,near<= 0.05,proj_quicksel,QuickSel-init,605,1.186292463477009,1.217284740661978,5.595062238476215,0.41983471074380163,0.0
q=10,far> 0.15,stale,Stale,135,4.4293354722483,8.324112096106303,0.0,0.18518518518518517,0.0
q=10,far> 0.15,proj_stale,ISOMER/ISOMER,135,1.7887618573141344,2.214834175454751,59.61557058566685,0.0,1.0
q=10,far> 0.15,oasis_no_proj,OASIS-noProj,135,1.9544026946681317,2.6806309961227375,55.87593879683964,0.4444444444444444,0.0
q=10,far> 0.15,proj_oasis,OASIS,135,1.5042082796057759,1.5985487833404444,66.03986559540837,0.562962962962963,0.0
q=10,far> 0.15,proj_fresh,Fresh-init,135,1.1615633226089963,1.1681026897294893,73.77567515744309,0.8296296296296296,0.0
q=10,far> 0.15,fresh,Fresh,135,1.0,1.0,77.42324991490412,1.0,0.0
q=10,far> 0.15,stholes_no_proj,STHoles (raw),135,2.1493453966590907,3.376306222595489,51.47476613307644,0.362962962962963,0.0
q=10,far> 0.15,proj_stholes,STHoles-init,135,1.838879867874489,2.520572370791654,58.48406878648353,0.4888888888888889,0.0
q=10,far> 0.15,quicksel_no_proj,QuickSel-H (raw),135,1.6606692793493705,1.8491364445709697,62.507484706132985,0.5777777777777777,0.0
q=10,far> 0.15,proj_quicksel,QuickSel-init,135,1.384179614663369,1.434999864103031,68.74972276686081,0.8444444444444444,0.0
q=10,mid<= 0.15,stale,Stale,347,3.2285427665962185,5.694853167129956,0.0,0.2219020172910663,0.0
q=10,mid<= 0.15,proj_stale,ISOMER/ISOMER,347,1.467931807518983,1.5857766568441147,54.532681967022825,0.0,1.0
q=10,mid<= 0.15,oasis_no_proj,OASIS-noProj,347,1.5784536969931495,1.7673173971648923,51.10940721230469,0.42363112391930835,0.0
q=10,mid<= 0.15,proj_oasis,OASIS,347,1.3587900303294065,1.4167311500817892,57.91320950157495,0.5850144092219021,0.0
q=10,mid<= 0.15,proj_fresh,Fresh-init,347,1.1519715706259028,1.1768319708004547,64.31914786619349,0.7982708933717579,0.0
q=10,mid<= 0.15,fresh,Fresh,347,1.0,1.0,69.02627370012267,1.0,0.0
q=10,mid<= 0.15,stholes_no_proj,STHoles (raw),347,1.6749946207023059,2.2005675220871623,48.119175064599936,0.42363112391930835,0.0
q=10,mid<= 0.15,proj_stholes,STHoles-init,347,1.4384503036584424,1.663128223665097,55.44583399850798,0.6570605187319885,0.0
q=10,mid<= 0.15,quicksel_no_proj,QuickSel-H (raw),347,1.7250419448551422,1.9329366167414168,46.56902294424875,0.3861671469740634,0.0
q=10,mid<= 0.15,proj_quicksel,QuickSel-init,347,1.4329339219052342,1.5244842908567828,55.61669689709748,0.5878962536023055,0.0
q=10,near<= 0.05,stale,Stale,542,3.2406716410375966,4.859110443348839,0.0,0.13837638376383765,0.0
q=10,near<= 0.05,proj_stale,ISOMER/ISOMER,542,1.515530000060719,1.690627799641682,53.2340771317554,0.0,1.0
q=10,near<= 0.05,oasis_no_proj,OASIS-noProj,542,1.5074684594539993,1.6359002301174,53.48283854604476,0.42988929889298894,0.0
q=10,near<= 0.05,proj_oasis,OASIS,542,1.3779403069247997,1.4591527654996332,57.47979247648763,0.6088560885608856,0.0
q=10,near<= 0.05,proj_fresh,Fresh-init,542,1.2087245199183005,1.2551971962359225,62.701419526376576,0.7693726937269373,0.0
q=10,near<= 0.05,fresh,Fresh,542,1.0,1.0,69.1421991868383,1.0,0.0
q=10,near<= 0.05,stholes_no_proj,STHoles (raw),542,1.6964318979218636,2.0317709822705288,47.651842400833274,0.32656826568265684,0.0
q=10,near<= 0.05,proj_stholes,STHoles-init,542,1.4812603643336968,1.6996366074768592,54.29156272495946,0.6254612546125461,0.0
q=10,near<= 0.05,quicksel_no_proj,QuickSel-H (raw),542,1.8238663492639218,2.156936467181672,43.7194954845855,0.3007380073800738,0.0
q=10,near<= 0.05,proj_quicksel,QuickSel-init,542,1.442158922702541,1.58151776256936,55.49814722232112,0.5571955719557196,0.0
q=15,far> 0.15,stale,Stale,238,4.11508955892953,7.49965175853051,0.0,0.24369747899159663,0.0
q=15,far> 0.15,proj_stale,ISOMER/ISOMER,238,2.3952193962871844,4.211218449252039,41.7942340746951,0.0,1.0
q=15,far> 0.15,oasis_no_proj,OASIS-noProj,238,1.5904095158311022,1.7781949341570493,61.35176420692968,0.7100840336134454,0.0
q=15,far> 0.15,proj_oasis,OASIS,238,1.423817079529352,1.5169873606286703,65.40009496416079,0.7857142857142857,0.0
q=15,far> 0.15,proj_fresh,Fresh-init,238,1.1060073696595019,1.1309755604919074,73.12312760582516,0.9369747899159664,0.0
q=15,far> 0.15,fresh,Fresh,238,1.0,1.0,75.69919230967763,1.0,0.0
q=15,far> 0.15,stholes_no_proj,STHoles (raw),238,2.516687971712973,4.284695599250969,38.8424495828556,0.31512605042016806,0.0
q=15,far> 0.15,proj_stholes,STHoles-init,238,2.171481797253506,3.9625632989089117,47.231238441906974,0.6512605042016807,0.0
q=15,far> 0.15,quicksel_no_proj,QuickSel-H (raw),238,2.4154153922243027,3.913122432701503,41.303455061312654,0.5378151260504201,0.0
q=15,far> 0.15,proj_quicksel,QuickSel-init,238,2.0860537533993395,3.6589495153675875,49.307208906967496,0.7352941176470589,0.0
q=15,mid<= 0.15,stale,Stale,343,2.771767201295951,4.121266661684715,0.0,0.2565597667638484,0.0
q=15,mid<= 0.15,proj_stale,ISOMER/ISOMER,343,1.9736603922698575,2.5565745696772937,28.794150123896966,0.0,1.0
q=15,mid<= 0.15,oasis_no_proj,OASIS-noProj,343,1.7720320892173032,2.1139798093244697,36.06850934707712,0.5451895043731778,0.0
q=15,mid<= 0.15,proj_oasis,OASIS,343,1.5042579230001027,1.641125885062292,45.72928338654196,0.717201166180758,0.0
q=15,mid<= 0.15,proj_fresh,Fresh-init,343,1.1529629780844113,1.1858368713319611,58.403325591509315,0.8892128279883382,0.0
q=15,mid<= 0.15,fresh,Fresh,343,1.0,1.0,63.92193400901613,1.0,0.0
q=15,mid<= 0.15,stholes_no_proj,STHoles (raw),343,1.8006322957718979,2.3819773514757148,35.03666920764468,0.5306122448979592,0.0
q=15,mid<= 0.15,proj_stholes,STHoles-init,343,1.6633120183251855,2.1116240458318307,39.990919239267384,0.6938775510204082,0.0
q=15,mid<= 0.15,quicksel_no_proj,QuickSel-H (raw),343,1.8164694452359773,2.207391739068619,34.46529548417055,0.5947521865889213,0.0
q=15,mid<= 0.15,proj_quicksel,QuickSel-init,343,1.6589749951930441,2.0335638749973315,40.1473906460332,0.749271137026239,0.0
q=15,near<= 0.05,stale,Stale,443,2.563062965728781,3.564570866128193,0.0,0.23476297968397292,0.0
q=15,near<= 0.05,proj_stale,ISOMER/ISOMER,443,1.7496818196823598,2.223549126135452,31.734731332093684,0.0,1.0
q=15,near<= 0.05,oasis_no_proj,OASIS-noProj,443,1.490125456727052,1.7315841114250767,41.8615353328493,0.5891647855530474,0.0
q=15,near<= 0.05,proj_oasis,OASIS,443,1.4187348447252905,1.610400056074091,44.646898507938616,0.744920993227991,0.0
q=15,near<= 0.05,proj_fresh,Fresh-init,443,1.2572857711652816,1.4025531059720076,50.94596629202259,0.8329571106094809,0.0
q=15,near<= 0.05,fresh,Fresh,443,1.0,1.0,60.984181295145824,1.0,0.0
q=15,near<= 0.05,stholes_no_proj,STHoles (raw),443,1.7241193245912687,2.1675632454778344,32.73207300621142,0.45146726862302483,0.0
q=15,near<= 0.05,proj_stholes,STHoles-init,443,1.5934936337217753,1.9925175566241087,37.828541279371905,0.6094808126410836,0.0
q=15,near<= 0.05,quicksel_no_proj,QuickSel-H (raw),443,1.718901270995198,1.9779460178624058,32.93565963930792,0.5033860045146726,0.0
q=15,near<= 0.05,proj_quicksel,QuickSel-init,443,1.5525516957940408,1.8409117467663505,39.42592450698578,0.7426636568848759,0.0
q=20,far> 0.15,stale,Stale,280,3.4801688103193773,5.318959539128216,0.0,0.11428571428571428,0.0
q=20,far> 0.15,proj_stale,ISOMER/ISOMER,280,1.8397560896145562,2.226760157322084,47.13601006481865,0.0,1.0
q=20,far> 0.15,oasis_no_proj,OASIS-noProj,280,1.561487080962012,1.6607947744049907,55.13185807734673,0.5714285714285714,0.0
q=20,far> 0.15,proj_oasis,OASIS,280,1.4718298472494526,1.5512836537048549,57.70809039822462,0.5607142857142857,0.0
q=20,far> 0.15,proj_fresh,Fresh-init,280,1.0752276928862436,1.0780157494146858,69.10415122111363,0.95,0.0
q=20,far> 0.15,fresh,Fresh,280,1.0,1.0,71.26576167699665,1.0,0.0
q=20,far> 0.15,stholes_no_proj,STHoles (raw),280,1.7048133245446475,2.1269418237988,51.01348763630246,0.5964285714285714,0.0
q=20,far> 0.15,proj_stholes,STHoles-init,280,1.5616292487090344,1.753426219653355,55.12777299542194,0.6464285714285715,0.0
q=20,far> 0.15,quicksel_no_proj,QuickSel-H (raw),280,1.781666580822651,1.9982865916871353,48.80516785451145,0.4785714285714286,0.0
q=20,far> 0.15,proj_quicksel,QuickSel-init,280,1.5643158536952502,1.6416457031251797,55.050575447468255,0.4857142857142857,0.0
q=20,mid<= 0.15,stale,Stale,331,3.5963172709413356,5.695280125680719,0.0,0.14501510574018128,0.0
q=20,mid<= 0.15,proj_stale,ISOMER/ISOMER,331,1.610978048844165,1.8513955299233995,55.20478513225026,0.0,1.0
q=20,mid<= 0.15,oasis_no_proj,OASIS-noProj,331,1.525439524342537,1.6622102282200455,57.583288419287506,0.48338368580060426,0.0
q=20,mid<= 0.15,proj_oasis,OASIS,331,1.333073458059994,1.3838091389786786,62.93226215519461,0.649546827794562,0.0
q=20,mid<= 0.15,proj_fresh,Fresh-init,331,1.1348946215474172,1.1547368788859886,68.44286707634227,0.8277945619335347,0.0
q=20,mid<= 0.15,fresh,Fresh,331,1.0,1.0,72.19377700404475,1.0,0.0
q=20,mid<= 0.15,stholes_no_proj,STHoles (raw),331,1.9374389263521428,2.4360229684689707,46.127141172808194,0.41389728096676737,0.0
q=20,mid<= 0.15,proj_stholes,STHoles-init,331,1.5480720067947562,1.9378909929163308,56.953964565269054,0.622356495468278,0.0
q=20,mid<= 0.15,quicksel_no_proj,QuickSel-H (raw),331,1.8142336443131015,2.1572792025947245,49.55301471946533,0.4199395770392749,0.0
q=20,mid<= 0.15,proj_quicksel,QuickSel-init,331,1.4173276230672445,1.5390420038790038,60.58947205466498,0.6555891238670695,0.0
q=20,near<= 0.05,stale,Stale,413,3.2387255341232546,4.7175056852657375,0.0,0.13317191283292978,0.0
q=20,near<= 0.05,proj_stale,ISOMER/ISOMER,413,1.5018857320426906,1.7270176152649723,53.62726121065824,0.0,1.0
q=20,near<= 0.05,oasis_no_proj,OASIS-noProj,413,1.612056474152998,1.760939933727666,50.225591604834996,0.35351089588377727,0.0
q=20,near<= 0.05,proj_oasis,OASIS,413,1.3191962254109155,1.4166574309304614,59.26804505315913,0.6634382566585957,0.0
q=20,near<= 0.05,proj_fresh,Fresh-init,413,1.188927577995453,1.2582667398988865,63.29026447382168,0.801452784503632,0.0
q=20,near<= 0.05,fresh,Fresh,413,1.0,1.0,69.12365714649214,1.0,0.0
q=20,near<= 0.05,stholes_no_proj,STHoles (raw),413,1.704281026440536,2.0329383623847774,47.37803470889371,0.3704600484261501,0.0
q=20,near<= 0.05,proj_stholes,STHoles-init,413,1.4276970788210612,1.6414360408390356,55.917935503369264,0.6682808716707022,0.0
q=20,near<= 0.05,quicksel_no_proj,QuickSel-H (raw),413,1.9236152971213816,2.3075265832825647,40.60579456782782,0.33171912832929784,0.0
q=20,near<= 0.05,proj_quicksel,QuickSel-init,413,1.4010411498378148,1.5465001091695707,56.74097310573474,0.7070217917675545,0.0
q=25,far> 0.15,stale,Stale,280,3.864208159272797,7.324905359504314,0.0,0.4107142857142857,0.0
q=25,far> 0.15,proj_stale,ISOMER/ISOMER,280,2.178406440132519,3.7064720288792388,43.62605868151595,0.0,1.0
q=25,far> 0.15,oasis_no_proj,OASIS-noProj,280,1.6083905401563776,1.7796588041699142,58.377228299754435,0.5571428571428572,0.0
q=25,far> 0.15,proj_oasis,OASIS,280,1.48614075462291,1.6420251059568447,61.540872195079,0.6964285714285714,0.0
q=25,far> 0.15,proj_fresh,Fresh-init,280,1.1262850335778278,1.133682283211126,70.85340677429285,0.9392857142857143,0.0
q=25,far> 0.15,fresh,Fresh,280,1.0,1.0,74.12147692922969,1.0,0.0
q=25,far> 0.15,stholes_no_proj,STHoles (raw),280,1.9971419920206952,2.6306859538252754,48.31691488388824,0.5785714285714286,0.0
q=25,far> 0.15,proj_stholes,STHoles-init,280,1.828217929195239,2.314230836275935,52.68842014092506,0.7,0.0
q=25,far> 0.15,quicksel_no_proj,QuickSel-H (raw),280,1.9425428147218802,2.379373919786865,49.729860953260705,0.5428571428571428,0.0
q=25,far> 0.15,proj_quicksel,QuickSel-init,280,1.6618997935205004,1.8472264208401568,56.99248785207129,0.7071428571428572,0.0
q=25,mid<= 0.15,stale,Stale,321,3.9845166639582588,6.91413468990475,0.0,0.24922118380062305,0.0
q=25,mid<= 0.15,proj_stale,ISOMER/ISOMER,321,2.1212882843144656,3.2610151047391325,46.76171633306318,0.0,1.0
q=25,mid<= 0.15,oasis_no_proj,OASIS-noProj,321,1.7477905605911204,2.063857109081089,56.13544356833364,0.5233644859813084,0.0
q=25,mid<= 0.15,proj_oasis,OASIS,321,1.626240234791472,2.2931244678905065,59.186009949423855,0.632398753894081,0.0
q=25,mid<= 0.15,proj_fresh,Fresh-init,321,1.2981905260917679,1.4663691612059755,67.41912167579864,0.8130841121495327,0.0
q=25,mid<= 0.15,fresh,Fresh,321,1.0,1.0,74.90285311025428,1.0,0.0
q=25,mid<= 0.15,stholes_no_proj,STHoles (raw),321,2.154214083242236,2.7490426369128564,45.93537272091069,0.3925233644859813,0.0
q=25,mid<= 0.15,proj_stholes,STHoles-init,321,1.9446934403175737,2.725516310730975,51.193743072824894,0.5919003115264797,0.0
q=25,mid<= 0.15,quicksel_no_proj,QuickSel-H (raw),321,1.8804836961515141,2.2646183634888706,52.80522445391349,0.5638629283489096,0.0
q=25,mid<= 0.15,proj_quicksel,QuickSel-init,321,1.7507234445034443,2.35905233568195,56.061836549975474,0.6230529595015576,0.0
q=25,near<= 0.05,stale,Stale,423,3.305760990775172,5.491492893836321,0.0,0.2033096926713948,0.0
q=25,near<= 0.05,proj_stale,ISOMER/ISOMER,423,2.0514190850081833,3.123466512134528,37.94411965254804,0.0,1.0
q=25,near<= 0.05,oasis_no_proj,OASIS-noProj,423,1.6109658335445447,1.8150374698659062,51.26792777699312,0.5933806146572104,0.0
q=25,near<= 0.05,proj_oasis,OASIS,423,1.6075799593555082,2.1350328556503677,51.370351218932356,0.7210401891252955,0.0
q=25,near<= 0.05,proj_fresh,Fresh-init,423,1.38434619364745,1.773024654981122,58.12322192951909,0.7943262411347518,0.0
q=25,near<= 0.05,fresh,Fresh,423,1.0,1.0,69.74977916459989,1.0,0.0
q=25,near<= 0.05,stholes_no_proj,STHoles (raw),423,2.0098859076320483,2.5029905984885277,39.20050744017196,0.39243498817966904,0.0
q=25,near<= 0.05,proj_stholes,STHoles-init,423,1.891557794287357,2.5937829257137848,42.77995899988513,0.640661938534279,0.0
q=25,near<= 0.05,quicksel_no_proj,QuickSel-H (raw),423,1.8719750278562624,2.2549653390495683,43.372342008993805,0.5366430260047281,0.0
q=25,near<= 0.05,proj_quicksel,QuickSel-init,423,1.7274224204667135,2.251286153615512,47.74509030486055,0.6808510638297872,0.0
q=3,far> 0.15,stale,Stale,118,1.3635717241022765,1.4234393433429093,0.0,0.5,0.0
q=3,far> 0.15,proj_stale,ISOMER/ISOMER,118,1.3313463808532386,1.3600243429974075,2.3633038643606183,0.0,1.0
q=3,far> 0.15,oasis_no_proj,OASIS-noProj,118,1.3424687097223313,1.3807009491242002,1.5476277490161747,0.4830508474576271,0.0
q=3,far> 0.15,proj_oasis,OASIS,118,1.3063552381991876,1.3412739173372568,4.196074536582075,0.5932203389830508,0.0
q=3,far> 0.15,proj_fresh,Fresh-init,118,1.0959287237811346,1.1033286827983353,19.62808377368985,0.9491525423728814,0.0
q=3,far> 0.15,fresh,Fresh,118,1.0,1.0,26.66319033138049,1.0,0.0
q=3,far> 0.15,stholes_no_proj,STHoles (raw),118,1.3519436461101084,1.3833794734572016,0.85276614252349,0.423728813559322,0.0
q=3,far> 0.15,proj_stholes,STHoles-init,118,1.3425996214644218,1.3750128541176527,1.5380270995030996,0.4915254237288136,0.0
q=3,far> 0.15,quicksel_no_proj,QuickSel-H (raw),118,1.3489650547759433,1.4124516608554143,1.0712065282777565,0.5423728813559322,0.0
q=3,far> 0.15,proj_quicksel,QuickSel-init,118,1.3562744092174652,1.4230942959751423,0.5351617927993848,0.5423728813559322,0.0
q=3,mid<= 0.15,stale,Stale,306,1.6049062450096232,1.9851360420559792,0.0,0.39215686274509803,0.0
q=3,mid<= 0.15,proj_stale,ISOMER/ISOMER,306,1.4204657315100409,1.5950605450560318,11.49229209326657,0.0,1.0
q=3,mid<= 0.15,oasis_no_proj,OASIS-noProj,306,1.3415884392871098,1.4654274312114202,16.407052221354807,0.5620915032679739,0.0
q=3,mid<= 0.15,proj_oasis,OASIS,306,1.3105929791881306,1.415719376054729,18.33834635117442,0.6405228758169934,0.0
q=3,mid<= 0.15,proj_fresh,Fresh-init,306,1.1498021702144163,1.1857151862922055,28.35705052618061,0.8660130718954249,0.0
q=3,mid<= 0.15,fresh,Fresh,306,1.0,1.0,37.69106431547321,1.0,0.0
q=3,mid<= 0.15,stholes_no_proj,STHoles (raw),306,1.3786115080395713,1.4707587612123365,14.100184211613866,0.5,0.0
q=3,mid<= 0.15,proj_stholes,STHoles-init,306,1.3771889274417917,1.4905753807836153,14.188823694586977,0.6176470588235294,0.0
q=3,mid<= 0.15,quicksel_no_proj,QuickSel-H (raw),306,1.3878284461224464,1.4978914943739174,13.52588660939974,0.5326797385620915,0.0
q=3,mid<= 0.15,proj_quicksel,QuickSel-init,306,1.3413847972718775,1.4127298809470672,16.41974093858458,0.5490196078431373,0.0
q=3,near<= 0.05,stale,Stale,600,1.466980270760515,1.6350644379030785,0.0,0.3016666666666667,0.0
q=3,near<= 0.05,proj_stale,ISOMER/ISOMER,600,1.2327516325613594,1.303287784179767,15.966720402976264,0.0,1.0
q=3,near<= 0.05,oasis_no_proj,OASIS-noProj,600,1.2842359181520622,1.3668685171346442,12.457178617249856,0.4666666666666667,0.0
q=3,near<= 0.05,proj_oasis,OASIS,600,1.2205099235792265,1.2752173871855856,16.801203948946966,0.5833333333333334,0.0
q=3,near<= 0.05,proj_fresh,Fresh-init,600,1.1350941598362754,1.1673949114649906,22.623761037507517,0.775,0.0
q=3,near<= 0.05,fresh,Fresh,600,1.0,1.0,31.8327574043257,1.0,0.0
q=3,near<= 0.05,stholes_no_proj,STHoles (raw),600,1.2570157495149838,1.3142461260658176,14.312702456228738,0.46,0.0
q=3,near<= 0.05,proj_stholes,STHoles-init,600,1.2381012251934262,1.3047994911124938,15.602053424238136,0.5516666666666666,0.0
q=3,near<= 0.05,quicksel_no_proj,QuickSel-H (raw),600,1.325107966066764,1.3869017880802772,9.671043811666353,0.36666666666666664,0.0
q=3,near<= 0.05,proj_quicksel,QuickSel-init,600,1.2317166481258883,1.2792982979915593,16.037272438071774,0.505,0.0
q=30,far> 0.15,stale,Stale,182,4.502997834399393,8.002731544100527,0.0,0.07692307692307693,0.0
q=30,far> 0.15,proj_stale,ISOMER/ISOMER,182,1.846505966234897,2.5838555909229615,58.99385178182786,0.0,1.0
q=30,far> 0.15,oasis_no_proj,OASIS-noProj,182,1.7613965542352497,1.991859555506856,60.88391291731136,0.5439560439560439,0.0
q=30,far> 0.15,proj_oasis,OASIS,182,1.3604398419084713,1.4225628900493716,69.78813022036627,0.6868131868131868,0.0
q=30,far> 0.15,proj_fresh,Fresh-init,182,1.0860689922219235,1.0903835081338877,75.88120109840598,0.9395604395604396,0.0
q=30,far> 0.15,fresh,Fresh,182,1.0,1.0,77.79257204254509,1.0,0.0
q=30,far> 0.15,stholes_no_proj,STHoles (raw),182,2.2186296143316144,3.38552406779666,50.729942675454694,0.34615384615384615,0.0
q=30,far> 0.15,proj_stholes,STHoles-init,182,1.7321101905499119,2.34156195381123,61.534287728989334,0.8131868131868132,0.0
q=30,far> 0.15,quicksel_no_proj,QuickSel-H (raw),182,1.7874239391256728,1.9983761164920173,60.30591164243635,0.5494505494505495,0.0
q=30,far> 0.15,proj_quicksel,QuickSel-init,182,1.5394539220884584,1.6572135956073275,65.81268793139915,0.6538461538461539,0.0
q=30,mid<= 0.15,stale,Stale,406,3.7224838534654663,6.0925921014999425,0.0,0.14285714285714285,0.0
q=30,mid<= 0.15,proj_stale,ISOMER/ISOMER,406,1.492533936064765,1.6455739825123197,59.90489160415613,0.0,1.0
q=30,mid<= 0.15,oasis_no_proj,OASIS-noProj,406,1.5363477377741743,1.679962318288677,58.727887124509536,0.4729064039408867,0.0
q=30,mid<= 0.15,proj_oasis,OASIS,406,1.328789232320682,1.3760127635763018,64.30369386065603,0.583743842364532,0.0
q=30,mid<= 0.15,proj_fresh,Fresh-init,406,1.129772011266249,1.180902755504935,69.65004938263247,0.8916256157635468,0.0
q=30,mid<= 0.15,fresh,Fresh,406,1.0,1.0,73.13621658643208,1.0,0.0
q=30,mid<= 0.15,stholes_no_proj,STHoles (raw),406,1.642941340861459,1.9941296466291354,55.8643796579009,0.5123152709359606,0.0
q=30,mid<= 0.15,proj_stholes,STHoles-init,406,1.3589830358790804,1.4700860189547797,63.49257406143137,0.6650246305418719,0.0
q=30,mid<= 0.15,quicksel_no_proj,QuickSel-H (raw),406,1.653666166330161,1.917190590269762,55.57627026936136,0.45073891625615764,0.0
q=30,mid<= 0.15,proj_quicksel,QuickSel-init,406,1.3802350072166143,1.5007013609734567,62.92166570630852,0.6551724137931034,0.0
q=30,near<= 0.05,stale,Stale,436,3.4909199544497036,5.485486076243894,0.0,0.2018348623853211,0.0
q=30,near<= 0.05,proj_stale,ISOMER/ISOMER,436,1.5832772437597022,1.8074472653406344,54.645845094741375,0.0,1.0
q=30,near<= 0.05,oasis_no_proj,OASIS-noProj,436,1.555122305860234,1.7188947625140054,55.45236424347123,0.536697247706422,0.0
q=30,near<= 0.05,proj_oasis,OASIS,436,1.3980426214411465,1.527603997593469,59.95202870065438,0.6788990825688074,0.0
q=30,near<= 0.05,proj_fresh,Fresh-init,436,1.234358341189819,1.3502729627786287,64.64088672052067,0.8463302752293578,0.0
q=30,near<= 0.05,fresh,Fresh,436,1.0,1.0,71.35425581084009,1.0,0.0
q=30,near<= 0.05,stholes_no_proj,STHoles (raw),436,1.6032402262295362,1.8734936833789226,54.073990605657826,0.5298165137614679,0.0
q=30,near<= 0.05,proj_stholes,STHoles-init,436,1.4091183883630163,1.5706310631261726,59.63475511471174,0.7591743119266054,0.0
q=30,near<= 0.05,quicksel_no_proj,QuickSel-H (raw),436,1.751713360666963,2.065949682140143,49.820867177600554,0.4380733944954128,0.0
q=30,near<= 0.05,proj_quicksel,QuickSel-init,436,1.451017452001085,1.6607055929481553,58.434525255970286,0.6788990825688074,0.0
q=5,far> 0.15,stale,Stale,101,1.9396091992844295,2.3100834421345664,0.0,0.16831683168316833,0.0
q=5,far> 0.15,proj_stale,ISOMER/ISOMER,101,1.500688370202615,1.8438572081097,22.629343542180735,0.0,1.0
q=5,far> 0.15,oasis_no_proj,OASIS-noProj,101,1.3134496350441738,1.3623308275849355,32.28276935741807,0.6237623762376238,0.0
q=5,far> 0.15,proj_oasis,OASIS,101,1.2902996327035767,1.3362506805482863,33.4763088781183,0.6039603960396039,0.0
q=5,far> 0.15,proj_fresh,Fresh-init,101,1.1051079484731716,1.1092600378359696,43.02419534404798,0.900990099009901,0.0
q=5,far> 0.15,fresh,Fresh,101,1.0,1.0,48.44322246105426,1.0,0.0
q=5,far> 0.15,stholes_no_proj,STHoles (raw),101,1.5327616425849964,1.8952749121319905,20.97574897301629,0.5742574257425742,0.0
q=5,far> 0.15,proj_stholes,STHoles-init,101,1.469288116503017,1.8223270608226523,24.24823943683737,0.6732673267326733,0.0
q=5,far> 0.15,quicksel_no_proj,QuickSel-H (raw),101,1.388391713929987,1.6040319731958923,28.418997267996073,0.693069306930693,0.0
q=5,far> 0.15,proj_quicksel,QuickSel-init,101,1.351561737137044,1.5847917773340896,30.317832188274362,0.7128712871287128,0.0
q=5,mid<= 0.15,stale,Stale,330,1.7236694513560782,2.0035353003084295,0.0,0.18484848484848485,0.0
q=5,mid<= 0.15,proj_stale,ISOMER/ISOMER,330,1.3428274579641715,1.5634783469301652,22.094839186961483,0.0,1.0
q=5,mid<= 0.15,oasis_no_proj,OASIS-noProj,330,1.3740687345604377,1.5062982634689253,20.282352658776656,0.509090909090909,0.0
q=5,mid<= 0.15,proj_oasis,OASIS,330,1.2326242485166827,1.280278530358198,28.48836257166773,0.5878787878787879,0.0
q=5,mid<= 0.15,proj_fresh,Fresh-init,330,1.1102934395848547,1.119259994352474,35.58547790521301,0.8393939393939394,0.0
q=5,mid<= 0.15,fresh,Fresh,330,1.0,1.0,41.984236060268934,1.0,0.0
q=5,mid<= 0.15,stholes_no_proj,STHoles (raw),330,1.386908151421097,1.5910097635803016,19.53746408106484,0.4575757575757576,0.0
q=5,mid<= 0.15,proj_stholes,STHoles-init,330,1.334612525461874,1.610401831977697,22.571434771795598,0.6363636363636364,0.0
q=5,mid<= 0.15,quicksel_no_proj,QuickSel-H (raw),330,1.3448900872738816,1.5089509017038922,21.975174171834166,0.47575757575757577,0.0
q=5,mid<= 0.15,proj_quicksel,QuickSel-init,330,1.2622713110258088,1.389682259375811,26.76836559163182,0.6484848484848484,0.0
q=5,near<= 0.05,stale,Stale,593,1.5899820449050739,1.744910345197192,0.0,0.21416526138279932,0.0
q=5,near<= 0.05,proj_stale,ISOMER/ISOMER,593,1.2863522936607803,1.3390642450722767,19.096426416715985,0.0,1.0
q=5,near<= 0.05,oasis_no_proj,OASIS-noProj,593,1.3281733037327295,1.4123912338131057,16.46614450844161,0.5143338954468802,0.0
q=5,near<= 0.05,proj_oasis,OASIS,593,1.252300354070938,1.303147114310102,21.238082022133543,0.657672849915683,0.0
q=5,near<= 0.05,proj_fresh,Fresh-init,593,1.1821650541362945,1.2253497828518234,25.64915698737511,0.7824620573355818,0.0
q=5,near<= 0.05,fresh,Fresh,593,1.0,1.0,37.10620801005947,1.0,0.0
q=5,near<= 0.05,stholes_no_proj,STHoles (raw),593,1.3087981215908584,1.3656967770465729,17.684723183839658,0.45868465430016864,0.0
q=5,near<= 0.05,proj_stholes,STHoles-init,593,1.2678468171332042,1.3203432153924082,20.260306008116082,0.6863406408094435,0.0
q=5,near<= 0.05,quicksel_no_proj,QuickSel-H (raw),593,1.3680438790345657,1.4560786326660575,13.95853283888866,0.3372681281618887,0.0
q=5,near<= 0.05,proj_quicksel,QuickSel-init,593,1.279095378367865,1.3383932145395394,19.55284133763723,0.5666104553119731,0.0
